.open fittrackpro.db
.mode box

INSERT INTO locations (location_id,name,address,phone_number,email,opening_hours) VALUES
(1,'Downtown Fitness','123 Main St, London','020 555 1234','downtown@fittrackpro.com','06:00-22:00'),
(2,'Suburban Wellness','45 Oak Ln, Manchester','0161 555 5678','suburban@fittrackpro.com','05:00-23:00');

INSERT INTO members (member_id,first_name,last_name,email,phone_number,date_of_birth,join_date,emergency_contact_name,emergency_contact_phone) VALUES
(1, 'Alice', 'Smith', 'alice.smith@email.com', '07700 900001', '1990-05-15', '2023-01-10', 'Bob Smith', '07700 900002'),
(2, 'Bob', 'Jones', 'bob.jones@email.com', '07700 900003', '1985-08-22', '2023-02-15', 'Carol Jones', '07700 900004'),
(3, 'Charlie', 'Brown', 'charlie.brown@email.com', '07700 900005', '1992-03-30', '2023-03-20', 'Dave Brown', '07700 900006'),
(4, 'Diana', 'Prince', 'diana.prince@email.com', '07700 900007', '1988-11-05', '2023-04-25', 'Steve Trevor', '07700 900008'),
(5, 'Emily', 'Jones', 'emily.jones@email.com', '07700 900009', '1995-07-12', '2023-05-10', 'Frank Jones', '07700 900010'),
(6, 'Frank', 'Castle', 'frank.castle@email.com', '07700 900011', '1980-02-18', '2023-06-15', 'Maria Castle', '07700 900012'),
(7, 'Grace', 'Lee', 'grace.lee@email.com', '07700 900013', '1998-09-25', '2023-07-20', 'Henry Lee', '07700 900014'),
(8, 'Henry', 'Ford', 'henry.ford@email.com', '07700 900015', '1975-12-30', '2023-08-05', 'Iris Ford', '07700 900016'),
(9, 'Iris', 'West', 'iris.west@email.com', '07700 900017', '1993-04-14', '2023-09-10', 'Barry Allen', '07700 900018'),
(10, 'Jack', 'Ryan', 'jack.ryan@email.com', '07700 900019', '1982-10-08', '2023-10-15', 'Cathy Ryan', '07700 900020'),
(11, 'Kevin', 'Mitnick', 'kevin.mitnick@email.com', '07700 900021', '1996-01-22', '2023-11-20', 'Unknown', '07700 900022');

INSERT INTO staff (staff_id,first_name,last_name,email,phone_number,position,hire_date,location_id) VALUES
(1, 'James', 'Bond', 'james.bond@fittrackpro.com', '07007 007007', 'Manager', '2022-01-01', 1),
(2, 'Ivy', 'Irwin', 'ivy.irwin@fittrackpro.com', '07123 456789', 'Trainer', '2023-05-15', 1),
(3, 'Sarah', 'Connor', 'sarah.connor@fittrackpro.com', '07999 888777', 'Receptionist', '2023-08-01', 1),
(4, 'Lara', 'Croft', 'lara.croft@fittrackpro.com', '07555 444333', 'Trainer', '2023-09-10', 2);

INSERT INTO equipment (equipment_id,name,type,purchase_date,last_maintenance_date,next_maintenance_date,location_id) VALUES
(1, 'Treadmill 2000', 'cardio', '2023-01-15', '2024-12-15', '2025-01-15', 1),
(2, 'Elliptical Trainer', 'cardio', '2023-02-20', '2024-07-20', '2025-02-20', 1),
(3, 'Smith Machine', 'strength', '2023-03-10', '2024-03-10', '2025-03-10', 1),
(4, 'Dumbbell Set', 'strength', '2023-04-05', '2024-04-05', '2025-04-05', 2);

INSERT INTO classes (class_id,name,description,capacity,duration,location_id) VALUES 
(1, 'Spin Class', 'High intensity indoor cycling', 20, 45, 1),
(2, 'Yoga Basics', 'Beginner level yoga', 15, 60, 1),
(3, 'HIIT', 'High Interval Intensity Training', 10, 30, 2);